BCSMASS_Ponto_1;BCSMASS_Ponto_2;BCSMASS_Ponto_3;BCSMASS_Ponto_4;BCSMASS_Ponto_5;BCSMASS_Ponto_6;BCSMASS_Ponto_7;BCSMASS_Ponto_8;BCSMASS_Ponto_9;BCSMASS_Ponto_10;BCSMASS_Ponto_11;BCSMASS_Ponto_12;BCSMASS_Ponto_13;BCSMASS_Ponto_14;BCSMASS_Ponto_15;DUSMASS25_Ponto_1;DUSMASS25_Ponto_2;DUSMASS25_Ponto_3;DUSMASS25_Ponto_4;DUSMASS25_Ponto_5;DUSMASS25_Ponto_6;DUSMASS25_Ponto_7;DUSMASS25_Ponto_8;DUSMASS25_Ponto_9;DUSMASS25_Ponto_10;DUSMASS25_Ponto_11;DUSMASS25_Ponto_12;DUSMASS25_Ponto_13;DUSMASS25_Ponto_14;DUSMASS25_Ponto_15
0,24133909;0,24133909;0,20108443;0,20108443;0,15427399;0,13830388;0,094494276;0,1998146;0,21145643;0,16339427;0,16339427;0,16339427;0,1998146;0,14058377;0,109409675;0,98929244;0,98929244;0,8425359;0,8425359;0,71301156;0,7432994;0,8595447;0,69431067;0,5205195;0,6998962;0,6998962;0,6998962;0,69431067;0,75704247;0,7800694
0,24614108;0,24614108;0,21192668;0,21192668;0,17462313;0,14646874;0,106897846;0,23564966;0,27812532;0,19425817;0,19425817;0,19425817;0,23564966;0,1706631;0,12685548;0,96045935;0,96045935;0,8217499;0,8217499;0,60064584;0,5815301;0,7531198;0,61863047;0,50206304;0,6501849;0,6501849;0,6501849;0,61863047;0,7154844;0,7324279
0,25337207;0,25337207;0,2207525;0,2207525;0,17514113;0,1580079;0,1299967;0,24421614;0,25998056;0,2027623;0,2027623;0,2027623;0,24421614;0,1858423;0,14895618;0,9855414;0,9855414;0,86685544;0,86685544;0,622101;0,61144966;0,6900425;0,5009034;0,46988598;0,56119674;0,56119674;0,56119674;0,5009034;0,57338303;0,5848125
0,29389957;0,29389957;0,24869978;0,24869978;0,1962621;0,18584089;0,1622791;0,3420807;0,3527177;0,33041143;0,33041143;0,33041143;0,3420807;0,2946902;0,21665242;1,2501186;1,2501186;1,1216736;1,1216736;0,8396599;0,9851371;1,2098255;0,7747603;0,55401725;0,6066668;0,6066668;0,6066668;0,7747603;0,76076245;0,9245303
0,3053;0,3053;0,2563385;0,2563385;0,19739135;0,20734945;0,16625439;0,3651798;0,37827685;0,40608662;0,40608662;0,40608662;0,3651798;0,38022447;0,2636995;0,83675563;0,83675563;0,7948841;0,7948841;0,68917704;0,7262426;0,76261586;0,6495723;0,5561017;0,59068227;0,59068227;0,59068227;0,6495723;0,6458222;0,6894805
0,2894533;0,2894533;0,25678337;0,25678337;0,21882811;0,22480339;0,18797573;0,40259632;0,40161654;0,3750656;0,3750656;0,3750656;0,40259632;0,35191292;0,25976214;1,772812;1,772812;1,6248969;1,6248969;1,2799331;1,4272316;1,3222122;1,0564435;0,9710851;1,1344963;1,1344963;1,1344963;1,0564435;1,1893574;1,2060459
0,40821528;0,40821528;0,39817962;0,39817962;0,34001186;0,32326978;0,2754472;0,49618298;0,49016157;0,5250458;0,5250458;0,5250458;0,49618298;0,4750324;0,3746543;0,5979199;0,5979199;0,6079172;0,6079172;0,5535365;0,569235;0,7772673;0,46631297;0,4234605;0,69727665;0,69727665;0,69727665;0,46631297;0,7139477;0,68127066
0,4892497;0,4892497;0,4456018;0,4456018;0,38392255;0,36815485;0,31497794;0,42880818;0,48042902;0,3959054;0,3959054;0,3959054;0,42880818;0,37042043;0,30696744;1,4467689;1,4467689;1,2715101;1,2715101;0,95901245;0,9770843;1,0315036;0,86730987;0,6600636;1,1021509;1,1021509;1,1021509;0,86730987;1,1021291;1,0284766
0,40887034;0,40887034;0,40033066;0,40033066;0,34073094;0,3256121;0,22684576;0,3038804;0,32054234;0,2674459;0,2674459;0,2674459;0,3038804;0,24547933;0,19799717;4,499822;4,499822;4,746717;4,746717;3,3017097;2,9976583;1,8809228;1,5647435;1,446436;1,5797184;1,5797184;1,5797184;1,5647435;1,584851;1,5647155
0,39975226;0,39975226;0,3897998;0,3897998;0,30248964;0,29891294;0,17810723;0,29225034;0,35851243;0,29143417;0,29143417;0,29143417;0,29225034;0,26650852;0,20844442;3,0170314;3,0170314;3,2691338;3,2691338;2,6147072;2,413257;1,7120075;1,5827487;1,7115722;1,8327962;1,8327962;1,8327962;1,5827487;1,9041817;1,6758593
0,227882;0,227882;0,19484685;0,19484685;0,13972196;0,11168403;0,07736212;0,15591364;0,18501528;0,13245197;0,13245197;0,13245197;0,15591364;0,11491781;0,08570692;0,56440157;0,56440157;0,522341;0,522341;0,35381493;0,303706;0,3291464;0,3378692;0,35953483;0,3775446;0,3775446;0,3775446;0,3378692;0,3833294;0,39636347
0,2290211;0,2290211;0,1967633;0,1967633;0,16477834;0,14952943;0,11752886;0,21207431;0,22561543;0,1678272;0,1678272;0,1678272;0,21207431;0,14827463;0,1169094;0,91831684;0,91831684;0,79868954;0,79868954;0,6123925;0,58157444;0,5939363;0,45336974;0,41777235;0,37702674;0,37702674;0,37702674;0,45336974;0,39526588;0,42790696
0,22746916;0,22746916;0,20333686;0,20333686;0,16045198;0,14631236;0,115714975;0,23530133;0,2652811;0,22725858;0,22725858;0,22725858;0,23530133;0,19347909;0,14809208;1,6296557;1,6296557;1,4004341;1,4004341;1,047586;1,1523503;1,0942738;0,8429932;0,7137623;0,811442;0,811442;0,811442;0,8429932;0,86413574;0,9393725
0,21727423;0,21727423;0,19703026;0,19703026;0,16956043;0,15576643;0,11799214;0,2473029;0,26572007;0,2161705;0,2161705;0,2161705;0,2473029;0,18264185;0,13590485;1,4743702;1,4743702;1,3248224;1,3248224;1,0121106;1,017631;1,49998;0,9039482;0,7542883;0,9564892;0,9564892;0,9564892;0,9039482;1,0778999;1,2542577
0,2439017;0,2439017;0,2200266;0,2200266;0,18483946;0,1768201;0,13678733;0,28466105;0,29844546;0,23538093;0,23538093;0,23538093;0,28466105;0,20721957;0,15582904;1,4621428;1,4621428;1,3747425;1,3747425;1,1507149;1,1534288;1,169486;1,0651101;0,7946859;1,0093677;1,0093677;1,0093677;1,0651101;1,0671912;1,0969151
0,3339562;0,3339562;0,28474933;0,28474933;0,22089233;0,21656455;0,15305029;0,29639766;0,26595184;0,23257405;0,23257405;0,23257405;0,29639766;0,21546215;0,16379087;1,4101393;1,4101393;1,1536524;1,1536524;0,7809419;0,8721105;1,1017599;0,8747826;0,70931;1,0209465;1,0209465;1,0209465;0,8747826;1,0716712;1,0832366
0,30556318;0,30556318;0,2697089;0,2697089;0,23658095;0,22119905;0,18083258;0,3507591;0,34568873;0,329837;0,329837;0,329837;0,3507591;0,30693942;0,24337785;1,240371;1,240371;1,1517051;1,1517051;0,91733634;0,814342;0,8077436;0,7341888;0,839106;0,8033208;0,8033208;0,8033208;0,7341888;0,8392279;0,85189945
0,29874256;0,29874256;0,2630595;0,2630595;0,22161394;0,20795347;0,15808922;0,3441976;0,34744918;0,31009355;0,31009355;0,31009355;0,3441976;0,2839372;0,20239675;1,1462114;1,1462114;1,0320333;1,0320333;0,75748163;0,76365954;0,7848987;0,630225;0,59371006;0,69639236;0,69639236;0,69639236;0,630225;0,71664035;0,7196712
0,29813337;0,29813337;0,26579586;0,26579586;0,23030178;0,2454829;0,20080382;0,38632828;0,37121773;0,34769183;0,34769183;0,34769183;0,38632828;0,32285354;0,24459684;1,5626911;1,5626911;1,5376587;1,5376587;1,3442377;1,3629411;1,3652091;1,249675;1,0480436;1,2075697;1,2075697;1,2075697;1,249675;1,2814254;1,3527519
0,3995649;0,3995649;0,3997375;0,3997375;0,34997785;0,36385518;0,33450338;0,39435282;0,38404933;0,38242373;0,38242373;0,38242373;0,39435282;0,35763037;0,2839449;1,3770958;1,3770958;1,4257718;1,4257718;0,7440474;0,7790857;0,8363788;0,65831697;0,60262364;0,7579632;0,7579632;0,7579632;0,65831697;0,7833129;0,7568588
0,35620713;0,35620713;0,36018926;0,36018926;0,31227413;0,3213529;0,24788071;0,39428037;0,40969217;0,3875447;0,3875447;0,3875447;0,39428037;0,3618537;0,28857642;1,783132;1,783132;1,9384336;1,9384336;1,7303574;1,5879787;1,346118;1,280843;1,4172611;1,3252594;1,3252594;1,3252594;1,280843;1,370857;1,3169836
0,32748523;0,32748523;0,30149516;0,30149516;0,26732776;0,23809324;0,18504715;0,27148283;0,267646;0,23206212;0,23206212;0,23206212;0,27148283;0,2192817;0,1847695;1,731919;1,731919;1,5454756;1,5454756;1,279309;1,3975247;1,474857;1,3396645;1,0276778;1,4627327;1,4627327;1,4627327;1,3396645;1,5458661;1,544333
0,36393356;0,36393356;0,33720854;0,33720854;0,27735865;0,23111363;0,16943023;0,28918943;0,31907794;0,2761657;0,2761657;0,2761657;0,28918943;0,23976798;0,18811063;1,324554;1,324554;1,1713716;1,1713716;0,6862682;0,6637728;0,8139041;0,614436;0,52451116;0,7046585;0,7046585;0,7046585;0,614436;0,7302133;0,73230785
0,22654851;0,22654851;0,20632644;0,20632644;0,17270769;0,16878687;0,13237467;0,2289166;0,2649123;0,20259501;0,20259501;0,20259501;0,2289166;0,1722941;0,13834004;0,6710187;0,6710187;0,55424935;0,55424935;0,40584636;0,49124417;0,51549345;0,42906222;0,38815054;0,4720605;0,4720605;0,4720605;0,42906222;0,48202115;0,4882914
0,2010438;0,2010438;0,17799139;0,17799139;0,15041775;0,147893;0,12351058;0,28270385;0,28820452;0,2858682;0,2858682;0,2858682;0,28270385;0,2605973;0,20170513;1,0623007;1,0623007;0,91848594;0,91848594;0,76163054;0,8822298;1,1464294;0,9560974;0,66912806;1,0689886;1,0689886;1,0689886;0,9560974;1,1194577;1,1507714
0,21864368;0,21864368;0,19901004;0,19901004;0,18364279;0,185342;0,15774548;0,35595578;0,33820853;0,33566052;0,33566052;0,33566052;0,35595578;0,29004955;0,22400652;0,79100156;0,79100156;0,70878226;0,70878226;0,5802081;0,62592906;0,67907554;0,45052105;0,38070282;0,45775265;0,45775265;0,45775265;0,45052105;0,47289807;0,51778805
0,21852486;0,21852486;0,19061261;0,19061261;0,15621373;0,14762928;0,10364179;0,24867134;0,2817518;0,22266917;0,22266917;0,22266917;0,24867134;0,18924914;0,13822162;1,3304412;1,3304412;1,1713364;1,1713364;0,73732764;0,68464094;0,83021086;0,6120616;0,46262568;0,60597223;0,60597223;0,60597223;0,6120616;0,6572261;0,7186696
0,24469301;0,24469301;0,21957746;0,21957746;0,18735068;0,17558767;0,1496703;0,31123143;0,28353146;0,32583395;0,32583395;0,32583395;0,31123143;0,31987375;0,25108725;1,1068916;1,1068916;1,005422;1,005422;0,70734423;0,8840757;0,71774185;0,54871964;0,4693598;0,6431275;0,6431275;0,6431275;0,54871964;0,7093029;0,73076797
0,24250974;0,24250974;0,22021417;0,22021417;0,1872676;0,17298687;0,12235821;0,29385358;0,3302096;0,29542106;0,29542106;0,29542106;0,29385358;0,24971189;0,17448583;1,0258895;1,0258895;0,9521049;0,9521049;0,7364972;0,6832585;0,60498637;0,59729487;0,59176695;0,6317804;0,6317804;0,6317804;0,59729487;0,63179433;0,63590306
0,3504502;0,3504502;0,3226493;0,3226493;0,2807192;0,25886297;0,18737255;0,37374905;0,380651;0,33015198;0,33015198;0,33015198;0,37374905;0,30448368;0,236876;1,2450005;1,2450005;1,1410468;1,1410468;0,91151494;0,9707091;0,99014854;0,8106656;0,68564373;0,9038704;0,9038704;0,9038704;0,8106656;0,9542306;0,9798792
0,34045017;0,34045017;0,31015784;0,31015784;0,27324554;0,2551114;0,22205271;0,40353975;0,4063952;0,3938047;0,3938047;0,3938047;0,40353975;0,3747782;0,29952624;1,3773859;1,3773859;1,2878822;1,2878822;0,9756188;0,9319613;1,1209241;0,9701664;0,69415003;1,0487212;1,0487212;1,0487212;0,9701664;1,1339381;1,1715659
0,7129838;0,7129838;0,7043993;0,7043993;0,6560559;0,694853;0,53281313;0,6039361;0,60778165;0,537849;0,537849;0,537849;0,6039361;0,514579;0,4484854;2,5254254;2,5254254;2,632828;2,632828;2,3927474;2,3092551;1,813951;1,7925473;1,6561753;1,5361532;1,5361532;1,5361532;1,7925473;1,6428839;1,6340798
0,7425344;0,7425344;0,7266829;0,7266829;0,6694711;0,70432925;0,60744977;0,518706;0,5736377;0,46070835;0,46070835;0,46070835;0,518706;0,4583105;0,45424092;1,1343347;1,1343347;1,0641298;1,0641298;0,8478121;0,93671584;0,97457963;0,7692381;0,76055765;0,75191855;0,75191855;0,75191855;0,7692381;0,82182866;0,88443667
0,42070317;0,42070317;0,41243118;0,41243118;0,34849685;0,33333507;0,19428769;0,29261962;0,33364055;0,26636982;0,26636982;0,26636982;0,29261962;0,24825713;0,20234644;1,9455732;1,9455732;1,7555336;1,7555336;1,3194604;1,4169729;1,0804365;0,89254826;0,88294804;0,9147349;0,9147349;0,9147349;0,89254826;0,94861853;0,9155841
0,25582245;0,25582245;0,23714511;0,23714511;0,20028539;0,18170208;0,14617093;0,24751249;0,2839337;0,18955435;0,18955435;0,18955435;0,24751249;0,1728718;0,14579202;1,4488001;1,4488001;1,3575984;1,3575984;1,102087;1,0666977;1,0370216;0,97420007;0,8568353;1,0675714;1,0675714;1,0675714;0,97420007;1,0578127;1,0322363
0,25313562;0,25313562;0,22616981;0,22616981;0,19638179;0,1737097;0,11492993;0,22618274;0,25574166;0,17636886;0,17636886;0,17636886;0,22618274;0,1543895;0,11983625;1,4812346;1,4812346;1,3462696;1,3462696;0,90384525;0,9844785;1,2289584;0,8826678;0,7907327;0,99111587;0,99111587;0,99111587;0,8826678;1,0260637;1,0428685
0,209841;0,209841;0,1895425;0,1895425;0,16550536;0,15936786;0,112134874;0,2539363;0,31738943;0,217461;0,217461;0,217461;0,2539363;0,18464291;0,13371514;0,94996446;0,94996446;0,81494534;0,81494534;0,6768693;0,57106584;0,5451967;0,45108196;0,40217736;0,39659613;0,39659613;0,39659613;0,45108196;0,42862028;0,46525377
0,20335312;0,20335312;0,18669133;0,18669133;0,16346733;0,16050518;0,12916735;0,2887683;0,2886015;0,26381508;0,26381508;0,26381508;0,2887683;0,24259722;0,19374713;1,2493722;1,2493722;1,0476873;1,0476873;0,67933226;0,7683781;0,5294421;0,36733973;0,3083659;0,35300276;0,35300276;0,35300276;0,36733973;0,39112222;0,41651994
0,18977363;0,18977363;0,16746451;0,16746451;0,13971063;0,116743185;0,07965405;0,18719378;0,18808107;0,14331786;0,14331786;0,14331786;0,18719378;0,12188471;0,08947002;0,6977114;0,6977114;0,60269755;0,60269755;0,40768316;0,4756009;0,49403116;0,33659422;0,2731968;0,3451646;0,3451646;0,3451646;0,33659422;0,3722206;0,41185182
0,25704604;0,25704604;0,22383088;0,22383088;0,19494233;0,19486412;0,15051898;0,35495514;0,32876098;0,3479266;0,3479266;0,3479266;0,35495514;0,3190039;0,22861288;1,4451108;1,4451108;1,1990522;1,1990522;0,94997746;1,0081317;1,3032722;1,1415048;0,8729074;1,1755908;1,1755908;1,1755908;1,1415048;1,2945896;1,349203
0,252905;0,252905;0,22400317;0,22400317;0,18193409;0,16873012;0,120888144;0,27668828;0,29387817;0,26236668;0,26236668;0,26236668;0,27668828;0,22393665;0,15439624;0,8214179;0,8214179;0,76539135;0,76539135;0,5886475;0,65614045;0,72070384;0,6142187;0,44111466;0,6490109;0,6490109;0,6490109;0,6142187;0,7108392;0,74102175
0,3155102;0,3155102;0,28182194;0,28182194;0,24841002;0,25831085;0,24241853;0,47112897;0,43878576;0,48391357;0,48391357;0,48391357;0,47112897;0,46759546;0,37716022;3,199595;3,199595;3,1634943;3,1634943;2,5504706;2,8574884;3,82963;3,3545115;3,0678706;4,3632894;4,3632894;4,3632894;3,3545115;4,645661;4,7384987
0,3651272;0,3651272;0,34584796;0,34584796;0,2916267;0,2908498;0,23344831;0,45676246;0,4751101;0,47057974;0,47057974;0,47057974;0,45676246;0,44604677;0,34021193;2,0127356;2,0127356;1,7478521;1,7478521;1,3993255;1,742873;1,8543426;1,3777289;1,117286;1,6026492;1,6026492;1,6026492;1,3777289;1,7119296;1,7516744
0,41852453;0,41852453;0,39677352;0,39677352;0,35124102;0,34599617;0,25778633;0,40120596;0,42982706;0,37641627;0,37641627;0,37641627;0,40120596;0,34376618;0,28367564;2,4355683;2,4355683;2,2475164;2,2475164;1,8698163;1,7797588;1,6670266;1,5428075;1,3000345;1,5679754;1,5679754;1,5679754;1,5428075;1,6673259;1,6096802
0,6467593;0,6467593;0,6916126;0,6916126;0,4680047;0,41079748;0,29300964;0,37926498;0,4534922;0,42621282;0,42621282;0,42621282;0,37926498;0,38573083;0,29708335;1,343535;1,343535;1,4438179;1,4438179;1,224839;1,0831928;0,94127107;0,89925015;0,8247348;1,0445075;1,0445075;1,0445075;0,89925015;1,060192;0,95881313
0,36510465;0,36510465;0,34439966;0,34439966;0,30274534;0,28930762;0,22221369;0,32080314;0,36382717;0,29094929;0,29094929;0,29094929;0,32080314;0,25959566;0,21558672;1,9419794;1,9419794;1,8829254;1,8829254;1,69846;1,9618671;1,9333408;1,7436246;1,7959428;2,2660446;2,2660446;2,2660446;1,7436246;1,921141;1,7002796
0,2545324;0,2545324;0,22908898;0,22908898;0,18578625;0,17208786;0,13879727;0,22843629;0,23569411;0,18480836;0,18480836;0,18480836;0,22843629;0,16576454;0,13155162;0,9470994;0,9470994;0,8582756;0,8582756;0,66184574;0,65749496;0,68998295;0,5714965;0,5117612;0,58909535;0,58909535;0,58909535;0,5714965;0,60869193;0,61796194
0,22990453;0,22990453;0,20845757;0,20845757;0,17496552;0,17765999;0,14830539;0,27673694;0,30319762;0,24497618;0,24497618;0,24497618;0,27673694;0,20962271;0,16426171;1,6031897;1,6031897;1,5025598;1,5025598;1,2965051;1,3921064;1,3657656;1,1926812;1,1944093;1,1783423;1,1783423;1,1783423;1,1926812;1,1553698;1,2030059
0,20073484;0,20073484;0,18466184;0,18466184;0,16729958;0,15293491;0,12697013;0,27147946;0,26665848;0,26216403;0,26216403;0,26216403;0,27147946;0,2348631;0,18160915;0,686865;0,686865;0,6466786;0,6466786;0,54366505;0,47664273;0,4559305;0,42275238;0,41415963;0,4271112;0,4271112;0,4271112;0,42275238;0,43610927;0,43778867
0,22943689;0,22943689;0,21644317;0,21644317;0,20925163;0,18843208;0,15296084;0,3245333;0,33562532;0,28351986;0,28351986;0,28351986;0,3245333;0,24916655;0,19024348;1,5254296;1,5254296;1,2913032;1,2913032;0,8551366;0,756312;0,70672065;0,5614543;0,5297766;0,5592099;0,5592099;0,5592099;0,5614543;0,58476293;0,62994707
0,24196567;0,24196567;0,21930882;0,21930882;0,19532353;0,1816087;0,13665825;0,28620684;0,27561215;0,23695995;0,23695995;0,23695995;0,28620684;0,22226869;0,16695032;2,2643433;2,2643433;1,8531356;1,8531356;1,1826555;1,2485;1,0697155;0,8944205;0,78846174;0,8244346;0,8244346;0,8244346;0,8944205;0,90290517;0,92606264
0,24851838;0,24851838;0,22503124;0,22503124;0,20869869;0,189853;0,13954885;0,26693404;0,27671313;0,21712366;0,21712366;0,21712366;0,26693404;0,19609223;0,14737014;1,2613773;1,2613773;1,1455281;1,1455281;0,88289845;1,0203593;1,2014079;0,9579434;0,67667;1,0271766;1,0271766;1,0271766;0,9579434;1,1099788;1,0748787
0,24275228;0,24275228;0,20721862;0,20721862;0,17063496;0,16906182;0,12557599;0,27625415;0,26920065;0,23155737;0,23155737;0,23155737;0,27625415;0,21655045;0,15040115;0,74354726;0,74354726;0,706937;0,706937;0,61858386;0,6050669;0,63927007;0,54256546;0,5465342;0,5777897;0,5777897;0,5777897;0,54256546;0,5895348;0,62290514
0,26773688;0,26773688;0,24054974;0,24054974;0,21762665;0,21436758;0,1702852;0,36954257;0,34500822;0,31679344;0,31679344;0,31679344;0,36954257;0,29714513;0,22791451;1,1126678;1,1126678;1,1242497;1,1242497;0,9850316;0,95509344;0,99905026;0,8967436;0,79424715;1,0153595;1,0153595;1,0153595;0,8967436;1,0810008;1,091453
0,33108425;0,33108425;0,29663542;0,29663542;0,24210045;0,23699443;0,19857189;0,38915977;0,41953653;0,4284153;0,4284153;0,4284153;0,38915977;0,39239296;0,28448123;1,3093946;1,3093946;1,2881025;1,2881025;1,0241975;1,1310266;1,1541363;0,98260224;0,7959498;1,1111116;1,1111116;1,1111116;0,98260224;1,1608582;1,1790409
0,4126293;0,4126293;0,3842966;0,3842966;0,3295582;0,31434357;0,22476286;0,34101886;0,35595673;0,3287213;0,3287213;0,3287213;0,34101886;0,2986406;0,23365381;0,6442155;0,6442155;0,63512486;0,63512486;0,47353387;0,380988;0,3188021;0,28329352;0,28845072;0,2764458;0,2764458;0,2764458;0,28329352;0,27915207;0,28152645
0,550329;0,550329;0,55775034;0,55775034;0,46546632;0,5332745;0,42929822;0,43857878;0,50185853;0,41460952;0,41460952;0,41460952;0,43857878;0,371949;0,3453846;1,4737235;1,4737235;1,3912143;1,3912143;1,0720948;1,1857812;1,1632092;0,8554332;0,7788661;0,9471138;0,9471138;0,9471138;0,8554332;0,9957106;1,0485296
0,44065708;0,44065708;0,42840502;0,42840502;0,3547141;0,328397;0,2480919;0,35925874;0,41172692;0,29624337;0,29624337;0,29624337;0,35925874;0,26244006;0,22495404;1,9287072;1,9287072;1,9250239;1,9250239;1,72519;1,7662901;1,2778804;1,1072245;1,1896478;0,9122149;0,9122149;0,9122149;1,1072245;0,8907489;0,94036967
0,27569866;0,27569866;0,24878466;0,24878466;0,22307475;0,1632014;0,14131714;0,21179302;0,2126435;0,15861133;0,15861133;0,15861133;0,21179302;0,14656234;0,12805495;0,7064065;0,7064065;0,6489243;0,6489243;0,5150071;0,5307191;0,59173036;0,5014268;0,4211;0,48629272;0,48629272;0,48629272;0,5014268;0,50612915;0,53005755
0,2701031;0,2701031;0,2554304;0,2554304;0,22348346;0,22862567;0,15513714;0,27719575;0,3063732;0,23579586;0,23579586;0,23579586;0,27719575;0,21102323;0,17686416;2,3106163;2,3106163;2,0940986;2,0940986;1,3511251;1,7211558;1,6346506;1,3178494;0,8735636;1,2875949;1,2875949;1,2875949;1,3178494;1,3611748;1,4001664
0,19835171;0,19835171;0,17883757;0,17883757;0,15447557;0,14569566;0,10598714;0,21375756;0,21664886;0,17505603;0,17505603;0,17505603;0,21375756;0,15924418;0,12300171;1,2522305;1,2522305;1,1452652;1,1452652;1,0128732;0,9738235;0,93435025;0,8289908;0,70363474;0,8190057;0,8190057;0,8190057;0,8289908;0,8400716;0,8442829
0,21041118;0,21041118;0,18851794;0,18851794;0,15515779;0,1683627;0,14147125;0,289249;0,3109053;0,27438945;0,27438945;0,27438945;0,289249;0,24181402;0,19658431;1,3918747;1,3918747;1,1544062;1,1544062;0,87466615;0,86636585;0,9838966;0,7362616;0,61730313;0,78055555;0,78055555;0,78055555;0,7362616;0,83333886;0,86082935
0,20862211;0,20862211;0,18681145;0,18681145;0,16032264;0,13595282;0,09695221;0,19650888;0,2347531;0,16549206;0,16549206;0,16549206;0,19650888;0,13816194;0,100649886;1,5157155;1,5157155;1,4676774;1,4676774;1,2573575;1,0628755;1,1595997;0,8978797;0,8343709;1,0096213;1,0096213;1,0096213;0,8978797;0,9921719;0,9699772
0,26695487;0,26695487;0,2356671;0,2356671;0,20144556;0,18109791;0,1572185;0,29148734;0,29814288;0,26819992;0,26819992;0,26819992;0,29148734;0,25358567;0,19265032;0,8551424;0,8551424;0,7987279;0,7987279;0,6878019;0,63228726;0,7941317;0,6682962;0,5621518;0,6470689;0,6470689;0,6470689;0,6682962;0,7038028;0,74501723
0,280123;0,280123;0,2547914;0,2547914;0,22099437;0,21770048;0,17011337;0,3736173;0,37426257;0,3569508;0,3569508;0,3569508;0,3736173;0,33540827;0,25672147;1,2471397;1,2471397;1,2718432;1,2718432;1,0339923;0,9810899;0,9994563;0,8361194;0,80314577;0,8499512;0,8499512;0,8499512;0,8361194;0,8736678;0,8900891
0,2937802;0,2937802;0,2704401;0,2704401;0,25816214;0,22801042;0,20032576;0,3908026;0,41907403;0,3938439;0,3938439;0,3938439;0,3908026;0,34394637;0,2554731;1,1420081;1,1420081;1,0321953;1,0321953;0,83499205;1,0764587;1,2125443;0,8587511;0,6558416;1,1252027;1,1252027;1,1252027;0,8587511;1,258148;1,2647288
0,26655105;0,26655105;0,23993857;0,23993857;0,22265218;0,20904449;0,16782926;0,35351825;0,36222312;0,36916694;0,36916694;0,36916694;0,35351825;0,33641338;0,23837352;0,9583214;0,9583214;0,90964484;0,90964484;0,76997304;0,76251537;0,78114915;0,62807316;0,6258806;0,74766684;0,74766684;0,74766684;0,62807316;0,7572852;0,73056793
0,40363914;0,40363914;0,38596863;0,38596863;0,33042422;0,36513603;0,2577618;0,3991197;0,4002046;0,39012083;0,39012083;0,39012083;0,3991197;0,36454156;0,30634466;1,742505;1,742505;1,7272642;1,7272642;1,1951532;1,1162186;0,93401366;0,7643433;0,6819378;0,78643185;0,78643185;0,78643185;0,7643433;0,8552667;0,93379784
0,44492638;0,44492638;0,4399949;0,4399949;0,3951493;0,35458052;0,28796974;0,4337022;0,4626375;0,46353263;0,46353263;0,46353263;0,4337022;0,42170873;0,35150227;2,1969166;2,1969166;2,3623602;2,3623602;1,9168098;1,8277683;1,3002132;1,3403733;1,0721054;1,4651618;1,4651618;1,4651618;1,3403733;1,3110447;1,3042032
0,29586616;0,29586616;0,26942143;0,26942143;0,21459737;0,18898371;0,15546693;0,26205644;0,2915853;0,2488052;0,2488052;0,2488052;0,26205644;0,21960959;0,17670596;1,324965;1,324965;1,183727;1,183727;0,89054227;0,855467;0,86981505;0,6916551;0,6682598;0,8043696;0,8043696;0,8043696;0,6916551;0,81905013;0,8252911
0,22539613;0,22539613;0,2101108;0,2101108;0,18691032;0,15437162;0,12743057;0,2206127;0,23860139;0,175667;0,175667;0,175667;0,2206127;0,159733;0,13065583;1,1802799;1,1802799;1,0793014;1,0793014;0,91974014;0,83868116;0,8665629;0,85208094;0,7639976;0,8400353;0,8400353;0,8400353;0,85208094;0,851808;0,82533616
0,2221635;0,2221635;0,2038571;0,2038571;0,16327381;0,1596246;0,11776308;0,21115813;0,2407603;0,1712882;0,1712882;0,1712882;0,21115813;0,15479527;0,1292765;1,4205762;1,4205762;1,2828397;1,2828397;0,9864334;1,095439;1,1262294;0,9436901;0,7725033;1,0662279;1,0662279;1,0662279;0,9436901;1,1012983;1,071261
0,2345435;0,2345435;0,22134845;0,22134845;0,19831617;0,19018506;0,16273946;0,34317857;0,34222442;0,3105785;0,3105785;0,3105785;0,34317857;0,27737227;0,21198106;1,1301477;1,1301477;1,0487108;1,0487108;0,8649306;1,0068492;1,0408697;0,8258874;0,59850717;0,7595414;0,7595414;0,7595414;0,8258874;0,8373161;0,9004706
0,20431273;0,20431273;0,19561172;0,19561172;0,1805003;0,17497087;0,15354708;0,26355782;0,27672493;0,21267062;0,21267062;0,21267062;0,26355782;0,19431965;0,16724871;0,40455428;0,40455428;0,36405328;0,36405328;0,26035118;0,29341373;0,32998008;0,23681274;0,23656584;0,22915316;0,22915316;0,22915316;0,23681274;0,23296317;0,23577382
0,22152019;0,22152019;0,20311698;0,20311698;0,17331083;0,16577363;0,1376825;0,28966293;0,29488057;0,24555646;0,24555646;0,24555646;0,28966293;0,21838969;0,1733206;1,242239;1,242239;1,0441684;1,0441684;0,7188336;0,7428952;0,73734933;0,5966954;0,492577;0,5901955;0,5901955;0,5901955;0,5966954;0,58592755;0,5782266
0,23089188;0,23089188;0,19990191;0,19990191;0,17086677;0,15144041;0,1138954;0,23538621;0,24613534;0,18387438;0,18387438;0,18387438;0,23538621;0,16847487;0,12674582;0,9620292;0,9620292;0,9287882;0,9287882;0,6933168;0,53282744;0,5210519;0,5341815;0,50632423;0,56123346;0,56123346;0,56123346;0,5341815;0,5586483;0,55012923
0,269396;0,269396;0,23777297;0,23777297;0,2146105;0,2075283;0,18003224;0,364035;0,3712583;0,34223834;0,34223834;0,34223834;0,364035;0,29794464;0,22738133;1,3410301;1,3410301;1,3268454;1,3268454;1,1990299;1,1118;1,1068962;0,836218;0,7231357;0,86348456;0,86348456;0,86348456;0,836218;0,9832222;1,0225374
0,2806722;0,2806722;0,24866329;0,24866329;0,22109456;0,22385533;0,18849188;0,3736341;0,3716254;0,40860686;0,40860686;0,40860686;0,3736341;0,3760682;0,28756928;1,4963225;1,4963225;1,4900254;1,4900254;1,197803;1,1740314;0,8436399;0,74899256;0,7568687;0,7185667;0,7185667;0,7185667;0,74899256;0,77859753;0,8383248
0,28594974;0,28594974;0,25756842;0,25756842;0,23166113;0,21072441;0,1795605;0,3579457;0,3186666;0,31910166;0,31910166;0,31910166;0,3579457;0,29408342;0,227175;0,824124;0,824124;0,7259113;0,7259113;0,6291793;0,60965705;0,59730303;0,67056036;0,56802857;0,6846294;0,6846294;0,6846294;0,67056036;0,7337323;0,6537127
0,40251648;0,40251648;0,38621822;0,38621822;0,36619648;0,3398963;0,28517535;0,45573145;0,45963806;0,457789;0,457789;0,457789;0,45573145;0,45337325;0,35705563;1,5577797;1,5577797;1,5571599;1,5571599;1,3373153;1,1555841;1,0271401;0,7426586;0,80680627;0,9488904;0,9488904;0,9488904;0,7426586;1,0555816;1,0145851
0,4422374;0,4422374;0,4183114;0,4183114;0,38824767;0,33442378;0,26104826;0,3784661;0,43465215;0,34710142;0,34710142;0,34710142;0,3784661;0,32972395;0,2792916;2,607834;2,607834;2,3424845;2,3424845;1,990812;1,7604154;1,7328484;1,3677939;1,2900896;1,2931552;1,2931552;1,2931552;1,3677939;1,4343055;1,5877019
0,47660303;0,47660303;0,43226016;0,43226016;0,38008887;0,3557058;0,3423886;0,40277326;0,47428378;0,37356836;0,37356836;0,37356836;0,40277326;0,35909683;0,32405305;1,3217579;1,3217579;1,0439521;1,0439521;0,7864566;0,83962846;1,1257858;0,69376725;0,578976;0,72828484;0,72828484;0,72828484;0,69376725;0,80626976;0,8384939
0,2582136;0,2582136;0,23609695;0,23609695;0,21449259;0,19520941;0,15982565;0,25951058;0,26404002;0,22616939;0,22616939;0,22616939;0,25951058;0,20705783;0,17064747;1,0799768;1,0799768;0,96923834;0,96923834;0,75929886;0,8013969;0,9641825;0,6856104;0,53515446;0,6544691;0,6544691;0,6544691;0,6856104;0,7167459;0,78186315
0,2510114;0,2510114;0,22994387;0,22994387;0,19196859;0,17804769;0,14557283;0,26769397;0,28217384;0,25508434;0,25508434;0,25508434;0,26769397;0,23426208;0,18949074;1,7604185;1,7604185;1,6566187;1,6566187;1,1751595;1,1382508;0,92368835;0,8599374;0,7553358;0,8296618;0,8296618;0,8296618;0,8599374;0,81998324;0,8248546
0,25033554;0,25033554;0,23456165;0,23456165;0,20844837;0,17958385;0,15214884;0,32999238;0,35555527;0,32607841;0,32607841;0,32607841;0,32999238;0,2953479;0,22623408;1,5106666;1,5106666;1,4062293;1,4062293;1,0521467;1,0734717;1,1606247;0,942457;0,8204691;1,0853071;1,0853071;1,0853071;0,942457;1,0948485;1,1023507
0,22551714;0,22551714;0,20409927;0,20409927;0,16702956;0,1537351;0,1184787;0,27599892;0,28239736;0,24374542;0,24374542;0,24374542;0,27599892;0,21548362;0,1583108;1,1841975;1,1841975;0,91648686;0,91648686;0,6225294;0,6798345;0,5764023;0,4768843;0,35643348;0,40856066;0,40856066;0,40856066;0,4768843;0,45557344;0,51680756
0,22094752;0,22094752;0,19690496;0,19690496;0,16564381;0,15439355;0,109720625;0,23931564;0,25804803;0,18021947;0,18021947;0,18021947;0,23931564;0,16511773;0,12066494;0,776504;0,776504;0,69523615;0,69523615;0,48018122;0,4869275;0,44338953;0,4156414;0,3032027;0,5337309;0,5337309;0,5337309;0,4156414;0,568773;0,49509168
0,26144633;0,26144633;0,22963855;0,22963855;0,18218645;0,17889749;0,15081415;0,2801077;0,2615274;0,21201155;0,21201155;0,21201155;0,2801077;0,19715035;0,16389734;1,7967006;1,7967006;1,6030715;1,6030715;1,1036329;1,1545535;1,3711704;1,0820937;0,9535597;1,2535367;1,2535367;1,2535367;1,0820937;1,2530797;1,3317292
0,24102773;0,24102773;0,21542071;0,21542071;0,19383176;0,16978589;0,12988473;0,27691212;0,2833549;0,24971639;0,24971639;0,24971639;0,27691212;0,2260982;0,16315837;0,93110967;0,93110967;0,8973062;0,8973062;0,7079166;0,6742832;0,6466194;0,52180487;0,47881615;0,6350366;0,6350366;0,6350366;0,52180487;0,65404344;0,65038395
0,25845528;0,25845528;0,23745026;0,23745026;0,1927153;0,20219575;0,16800596;0,38653177;0,33939677;0,39715967;0,39715967;0,39715967;0,38653177;0,3869656;0,2729772;1,9399731;1,9399731;1,8471326;1,8471326;1,3179541;1,1951648;1,1711032;0,81356025;0,57944053;0,97135556;0,97135556;0,97135556;0,81356025;1,1285877;1,0879368
0,26913753;0,26913753;0,23706117;0,23706117;0,20615844;0,20118341;0,18112673;0,38871872;0,3523478;0,46595794;0,46595794;0,46595794;0,38871872;0,4453755;0,3315959;1,708191;1,708191;1,6484189;1,6484189;1,1825975;1,1392568;1,1557446;0,9238979;0,7551501;0,9912801;0,9912801;0,9912801;0,9238979;1,1228865;1,1537029
0,42582983;0,42582983;0,3852423;0,3852423;0,3473665;0,3359615;0,27924213;0,43794066;0,45308918;0,4317603;0,4317603;0,4317603;0,43794066;0,3783299;0,29117996;1,3294287;1,3294287;1,3051865;1,3051865;1,0061479;0,7792497;0,88213027;0,77177453;0,6829645;0,7990971;0,7990971;0,7990971;0,77177453;0,85827863;0,84004396
0,6131615;0,6131615;0,58805346;0,58805346;0,5394442;0,47537318;0,4249075;0,47392285;0,54274845;0,5031097;0,5031097;0,5031097;0,47392285;0,50526124;0,4327379;3,0877206;3,0877206;2,9716387;2,9716387;2,861051;2,798901;3,6903203;2,2463171;2,0169935;2,9713192;2,9713192;2,9713192;2,2463171;3,3700395;3,171445
0,44650206;0,44650206;0,42537078;0,42537078;0,3800262;0,32819766;0,23909394;0,36935896;0,44387066;0,33570978;0,33570978;0,33570978;0,36935896;0,3247686;0,29182214;1,9802982;1,9802982;1,8018322;1,8018322;1,4647183;1,5721011;1,2985622;1,2335323;0,9019336;1,2705017;1,2705017;1,2705017;1,2335323;1,4638779;1,5679055
0,35510153;0,35510153;0,32790798;0,32790798;0,25101525;0,19655761;0,14499973;0,25289303;0,31169865;0,22843245;0,22843245;0,22843245;0,25289303;0,20266846;0,16233681;1,0350696;1,0350696;0,90722245;0,90722245;0,6056422;0,61506796;0,70627755;0,5082088;0,37936705;0,5518448;0,5518448;0,5518448;0,5082088;0,5959322;0,628703
0,3788847;0,3788847;0,33614373;0,33614373;0,25089815;0,23759933;0,19412005;0,3370297;0,36678302;0,34905496;0,34905496;0,34905496;0,3370297;0,30240244;0,23204793;1,1623694;1,1623694;0,9465448;0,9465448;0,613395;0,5994823;0,69567674;0,56585544;0,5387652;0,6772146;0,6772146;0,6772146;0,56585544;0,6964528;0,6805074
0,24073601;0,24073601;0,21160409;0,21160409;0,16419373;0,14787121;0,109908596;0,2202558;0,21714887;0,18229294;0,18229294;0,18229294;0,2202558;0,16925938;0,13428959;1,2349316;1,2349316;1,1495305;1,1495305;0,9471942;0,97244304;1,0672613;0,8861132;0,71084374;0,9503124;0,9503124;0,9503124;0,8861132;1,0324876;1,0766181
0,24405111;0,24405111;0,2236206;0,2236206;0,18680955;0,17727043;0,13221675;0,29232216;0,310983;0,26030403;0,26030403;0,26030403;0,29232216;0,23056255;0,17837565;1,0802774;1,0802774;1,0489212;1,0489212;0,85031915;0,8503703;1,0115957;0,9473856;0,98862594;1,0745965;1,0745965;1,0745965;0,9473856;1,1301001;1,0740969
0,21699044;0,21699044;0,19269578;0,19269578;0,1619287;0,13936949;0,11339523;0,24764127;0,27219775;0,22521694;0,22521694;0,22521694;0,24764127;0,19985037;0,14499053;1,0305023;1,0305023;0,92044675;0,92044675;0,72654223;0,6924807;0,7959815;0,6215688;0,5839628;0,6202088;0,6202088;0,6202088;0,6215688;0,64390296;0,6791764
0,28783342;0,28783342;0,26195672;0,26195672;0,23206024;0,22435336;0,17384487;0,3775481;0,38285705;0,34415972;0,34415972;0,34415972;0,3775481;0,30617723;0,24272284;1,4094799;1,4094799;1,3227452;1,3227452;0,85019845;0,80727285;0,7489408;0,64322126;0,56493247;0,7570465;0,7570465;0,7570465;0,64322126;0,7566453;0,7128269
0,27315933;0,27315933;0,24322788;0,24322788;0,2119328;0,19170873;0,14305392;0,30211776;0,32182303;0,26448634;0,26448634;0,26448634;0,30211776;0,245332;0,17190884;1,5724084;1,5724084;1,4324813;1,4324813;1,058585;1,1157026;1,0823601;1,0397788;1,0114511;1,1836572;1,1836572;1,1836572;1,0397788;1,2895169;1,2239286
0,2918747;0,2918747;0,26254603;0,26254603;0,22026826;0,21111956;0,17116345;0,3739844;0,40591928;0,37781915;0,37781915;0,37781915;0,3739844;0,34439996;0,2488403;1,4373959;1,4373959;1,5511765;1,5511765;1,3850648;1,3309661;1,2623446;0,99038446;1,0139772;1,1128861;1,1128861;1,1128861;0,99038446;1,1486155;1,1947579
0,34539863;0,34539863;0,3203963;0,3203963;0,277891;0,29106006;0,2609124;0,40765312;0,41024035;0,43440592;0,43440592;0,43440592;0,40765312;0,40732187;0,3277611;1,077397;1,077397;1,0045277;1,0045277;0,70961666;0,75275546;0,7063799;0,57907116;0,6444257;0,6465372;0,6465372;0,6465372;0,57907116;0,682217;0,6781681
0,518729;0,518729;0,49118093;0,49118093;0,41646048;0,44845623;0,39082462;0,47235376;0,47042394;0,476976;0,476976;0,476976;0,47235376;0,45974562;0,37588015;2,6383064;2,6383064;2,7848074;2,7848074;2,2178054;1,9111805;2,003273;1,7149987;1,386408;1,586147;1,586147;1,586147;1,7149987;1,8998698;1,7948552
0,4470794;0,4470794;0,43178412;0,43178412;0,4053464;0,31444094;0,22374496;0,34785357;0,43998235;0,32998195;0,32998195;0,32998195;0,34785357;0,29377058;0,22887817;1,5356216;1,5356216;1,6399535;1,6399535;1,8960804;1,1775402;1,011195;1,1441864;1,3847606;1,24381;1,24381;1,24381;1,1441864;1,1511257;1,0072129
0,39082947;0,39082947;0,36442614;0,36442614;0,2884453;0,25392845;0,21374133;0,27741653;0,34307304;0,26900673;0,26900673;0,26900673;0,27741653;0,23238726;0,19607882;1,1578401;1,1578401;1,07193;1,07193;0,7639604;0,6957114;0,6697054;0,5200512;0,48465586;0,5415056;0,5415056;0,5415056;0,5200512;0,5666071;0,59471005
0,27527913;0,27527913;0,25090113;0,25090113;0,22102207;0,20069523;0,14415567;0,24323133;0,25747108;0,1903708;0,1903708;0,1903708;0,24323133;0,16721492;0,13737406;1,6969779;1,6969779;1,5619956;1,5619956;1,3876873;1,2664504;1,3542763;1,1445317;0,8921282;1,2276919;1,2276919;1,2276919;1,1445317;1,3054854;1,3387909
0,22088107;0,22088107;0,2015023;0,2015023;0,17676944;0,17706452;0,14648663;0,28655416;0,31718892;0,2587206;0,2587206;0,2587206;0,28655416;0,22778621;0,18404268;1,5234706;1,5234706;1,2086041;1,2086041;0,870555;0,9724759;1,0750872;0,7173841;0,5424184;0,69485015;0,69485015;0,69485015;0,7173841;0,7788715;0,8998717
0,22891662;0,22891662;0,21118835;0,21118835;0,18458922;0,1869858;0,17876394;0,30216107;0,30734226;0,28490785;0,28490785;0,28490785;0,30216107;0,2552109;0,20219623;1,272969;1,272969;1,119971;1,119971;0,8702417;0,963448;1,1207422;0,8514908;0,7269435;0,9231221;0,9231221;0,9231221;0,8514908;0,9440525;0,959386
0,24508165;0,24508165;0,22146334;0,22146334;0,19755907;0,19020288;0,163075;0,3002024;0,3223661;0,28010553;0,28010553;0,28010553;0,3002024;0,24158551;0,1828663;1,0260563;1,0260563;0,85988104;0,85988104;0,4861489;0,5220495;0,54764795;0,4328179;0,33124727;0,4718011;0,4718011;0,4718011;0,4328179;0,53387886;0,54319626
0,20487879;0,20487879;0,18349116;0,18349116;0,14916645;0,13487406;0,0941534;0,2274545;0,2332376;0,18203934;0,18203934;0,18203934;0,2274545;0,1584413;0,11994366;1,1739036;1,1739036;1,0970076;1,0970076;0,812644;0,72978324;0,7497865;0,5964326;0,5824414;0,67756927;0,67756927;0,67756927;0,5964326;0,67322606;0,67793936
0,23621671;0,23621671;0,21102636;0,21102636;0,19660538;0,16250001;0,12183909;0,2592394;0,24434343;0,19757345;0,19757345;0,19757345;0,2592394;0,1809688;0,13954216;2,061164;2,061164;1,8349597;1,8349597;1,3918328;1,3185055;0,9796759;0,8409853;0,7487093;0,8027286;0,8027286;0,8027286;0,8409853;0,81858635;0,8136711
0,2560348;0,2560348;0,23643634;0,23643634;0,2035532;0,16858694;0,11997151;0,28180742;0,29398218;0,23941188;0,23941188;0,23941188;0,28180742;0,20233278;0,14843622;2,1025274;2,1025274;2,0055022;2,0055022;1,1813715;1,1402117;1,1533688;0,9377186;0,86862975;1,1314716;1,1314716;1,1314716;0,9377186;1,1171678;1,0855892
0,26666498;0,26666498;0,23777175;0,23777175;0,21277137;0,19672509;0,15866518;0,32699773;0,36206806;0,3510012;0,3510012;0,3510012;0,32699773;0,310309;0,2412038;1,2154982;1,2154982;1,1517526;1,1517526;0,95505524;0,87686247;0,89972633;0,78279173;0,8594135;0,9072469;0,9072469;0,9072469;0,78279173;0,8930179;0,87208295
0,37991095;0,37991095;0,3439386;0,3439386;0,33185938;0,31420657;0,24863295;0,42405853;0,38220456;0,4021868;0,4021868;0,4021868;0,42405853;0,3847434;0,30257446;0,8153752;0,8153752;0,80833465;0,80833465;0,6260905;0,5030033;0,4706883;0,37915292;0,39866427;0,40591684;0,40591684;0,40591684;0,37915292;0,40038425;0,396236
0,44040334;0,44040334;0,40184784;0,40184784;0,36319444;0,30170637;0,23254095;0,35379216;0,38308954;0,32324728;0,32324728;0,32324728;0,35379216;0,29497156;0,23743735;1,0816901;1,0816901;1,0501939;1,0501939;0,7978395;0,6793805;0,67761743;0,5430611;0,7187909;0,5363748;0,5363748;0,5363748;0,5430611;0,5413552;0,53880817
0,8942536;0,8942536;0,8962717;0,8962717;0,7736583;0,8061871;0,428133;0,51069075;0,57138205;0,46744797;0,46744797;0,46744797;0,51069075;0,4213245;0,36419517;2,4637809;2,4637809;2,3673635;2,3673635;1,4820558;1,3751776;1,3547392;1,1491314;0,8172285;1,3183552;1,3183552;1,3183552;1,1491314;1,3612533;1,3559071
0,50091136;0,50091136;0,4833689;0,4833689;0,41670775;0,34920534;0,2767758;0,44533792;0,5341714;0,42787525;0,42787525;0,42787525;0,44533792;0,39087322;0,329997;2,1158674;2,1158674;2,054589;2,054589;1,7528169;1,7303717;1,6723499;1,5263424;1,4173865;1,4322419;1,4322419;1,4322419;1,5263424;1,5712805;1,6123642
0,28855756;0,28855756;0,27488354;0,27488354;0,23641574;0,22849128;0,16602276;0,275501;0,28726265;0,24545857;0,24545857;0,24545857;0,275501;0,22933945;0,19064042;1,4498463;1,4498463;1,4175755;1,4175755;1,1522783;1,3773932;1,4784659;1,0473161;0,78860706;1,1898153;1,1898153;1,1898153;1,0473161;1,2953634;1,433904
0,23381886;0,23381886;0,21155524;0,21155524;0,17603303;0,16296512;0,1306942;0,22335014;0,2582667;0,19091159;0,19091159;0,19091159;0,22335014;0,16195612;0,13192873;1,5158056;1,5158056;1,3127791;1,3127791;0,90463537;0,9630207;1,095978;0,8438235;0,720508;0,8730784;0,8730784;0,8730784;0,8438235;0,9063322;0,9431521
0,22439313;0,22439313;0,20114677;0,20114677;0,1639075;0,16386126;0,12683623;0,2634567;0,27421576;0,25915515;0,25915515;0,25915515;0,2634567;0,22643629;0,17178072;2,7405996;2,7405996;2,3166194;2,3166194;1,6071451;1,7169446;1,5659654;1,4729619;1,3719971;1,6248119;1,6248119;1,6248119;1,4729619;1,7216922;1,6488471
0,22936964;0,22936964;0,20805565;0,20805565;0,17553778;0,18216446;0,14473775;0,2781546;0,26256493;0,23795599;0,23795599;0,23795599;0,2781546;0,21253492;0,16389662;1,215273;1,215273;1,0386072;1,0386072;0,75328654;0,83186793;0,7420934;0,73900294;0,649004;0,74596554;0,74596554;0,74596554;0,73900294;0,77614194;0,7650575
0,24791507;0,24791507;0,23160268;0,23160268;0,21051852;0,20612794;0,1452237;0,26729482;0,31270534;0,20750315;0,20750315;0,20750315;0,26729482;0,1771847;0,13889712;2,5723968;2,5723968;2,31726;2,31726;1,782211;1,7590457;1,3640711;1,2207474;0,8598045;1,2524785;1,2524785;1,2524785;1,2207474;1,3142989;1,3627211
0,288341;0,288341;0,25919977;0,25919977;0,23203275;0,194518;0,1488431;0,2997508;0,27968514;0,24922986;0,24922986;0,24922986;0,2997508;0,24146058;0,1869705;1,0537668;1,0537668;1,023757;1,023757;0,95060104;0,79063994;0,824696;0,67740273;0,74646974;0,6425727;0,6425727;0,6425727;0,67740273;0,61906;0,6174527
0,30634803;0,30634803;0,28380576;0,28380576;0,2431281;0,20930655;0,16594945;0,35112375;0,3403338;0,28961268;0,28961268;0,28961268;0,35112375;0,25884885;0,20407602;1,8123535;1,8123535;1,6576034;1,6576034;1,3634361;1,262468;1,0415735;1,1227167;0,96591556;1,0894287;1,0894287;1,0894287;1,1227167;1,0970987;1,0556763
0,29988852;0,29988852;0,27109012;0,27109012;0,24135108;0,23663434;0,20079018;0,4454575;0,44523716;0,4141846;0,4141846;0,4141846;0,4454575;0,3887793;0,30805176;2,0408397;2,0408397;2,0488944;2,0488944;1,6864965;1,6364145;1,5735569;1,1108643;1,2992598;1,3106352;1,3106352;1,3106352;1,1108643;1,2828574;1,2691361
0,356355;0,356355;0,3367515;0,3367515;0,3152338;0,27427056;0,21360157;0,46098495;0,4598701;0,48333248;0,48333248;0,48333248;0,46098495;0,45161045;0,34854648;1,1708535;1,1708535;1,0571334;1,0571334;0,94183517;1,0633693;1,129975;0,83384544;0,7653148;0,8150486;0,8150486;0,8150486;0,83384544;0,8720091;0,9368848
0,41424456;0,41424456;0,37616992;0,37616992;0,3246781;0,32857475;0,2317456;0,3446167;0,35013583;0,3350944;0,3350944;0,3350944;0,3446167;0,30619764;0,24271388;2,506935;2,506935;2,3881528;2,3881528;1,5443844;1,6726569;1,2308553;1,1712978;0,88002735;1,2660162;1,2660162;1,2660162;1,1712978;1,350716;1,3146003
0,50943667;0,50943667;0,4523223;0,4523223;0,34700733;0,32881415;0,20909096;0,3469672;0,37622803;0,35710153;0,35710153;0,35710153;0,3469672;0,3260123;0,25838733;1,6836674;1,6836674;1,5815026;1,5815026;1,3948516;1,2176776;0,9258767;0,7245467;0,75694066;0,7353641;0,7353641;0,7353641;0,7245467;0,78828925;0,7655215
0,30872744;0,30872744;0,2791181;0,2791181;0,22572447;0,18640415;0,12979843;0,24711871;0,26764894;0,22169492;0,22169492;0,22169492;0,24711871;0,19818063;0,15666564;2,2592068;2,2592068;2,1558156;2,1558156;1,5598868;1,3106933;1,1332616;1,2983055;1,127006;1,1748412;1,1748412;1,1748412;1,2983055;1,2306205;1,2243
0,23965196;0,23965196;0,20998044;0,20998044;0,17192307;0,15353097;0,12339502;0,20718625;0,23223267;0,1975659;0,1975659;0,1975659;0,20718625;0,16947576;0,1358288;0,99753004;0,99753004;0,7846514;0,7846514;0,5707021;0,6629083;0,7552391;0,6094098;0,48001832;0,66495925;0,66495925;0,66495925;0,6094098;0,73675823;0,7501137
0,2469532;0,2469532;0,22766353;0,22766353;0,21807827;0,20413329;0,16398533;0,28311425;0,31471208;0,26144746;0,26144746;0,26144746;0,28311425;0,22933722;0,1863457;1,7186996;1,7186996;1,527787;1,527787;1,2132418;1,2380294;1,1020801;0,91260225;0,7429676;0,8959894;0,8959894;0,8959894;0,91260225;1,002098;0,9640061
0,24289484;0,24289484;0,22484574;0,22484574;0,18216063;0,17741437;0,15879135;0,29624647;0,34954932;0,2763786;0,2763786;0,2763786;0,29624647;0,23980948;0,19523199;1,855422;1,855422;1,532645;1,532645;1,0874025;1,1565534;1,3657897;1,0424225;0,8202852;1,046567;1,046567;1,046567;1,0424225;1,1189086;1,1769023
0,22195241;0,22195241;0,20360203;0,20360203;0,17212157;0,16648203;0,13554661;0,26548836;0,2834139;0,26042113;0,26042113;0,26042113;0,26548836;0,23028453;0,17101142;1,9858068;1,9858068;1,9388416;1,9388416;1,485665;1,3534119;1,3860092;1,2211382;1,0594423;1,4528891;1,4528891;1,4528891;1,2211382;1,4356667;1,3238802
0,22607519;0,22607519;0,19903207;0,19903207;0,16671062;0,16598772;0,11562431;0,23611413;0,2617845;0,20094001;0,20094001;0,20094001;0,23611413;0,17904556;0,13865447;1,5450219;1,5450219;1,4499352;1,4499352;1,0736678;1,0904615;0,805555;0,78665376;0,68715286;0,8027148;0,8027148;0,8027148;0,78665376;0,78870136;0,77180684
0,25220293;0,25220293;0,22748807;0,22748807;0,19717665;0,18028429;0,14194669;0,30796486;0,33009985;0,27351373;0,27351373;0,27351373;0,30796486;0,2325635;0,17143115;1,7009152;1,7009152;1,6280209;1,6280209;1,3706256;1,2426693;1,177313;1,0592587;0,86662364;1,042402;1,042402;1,042402;1,0592587;1,0262204;1,0110877
0,24995087;0,24995087;0,22871774;0,22871774;0,18846244;0,19325432;0,13799167;0,3287609;0,34844875;0,31627584;0,31627584;0,31627584;0,3287609;0,28109446;0,20291536;1,8769959;1,8769959;1,6856619;1,6856619;1,4513736;1,3590586;1,0929657;0,9936141;1,1567926;1,0406977;1,0406977;1,0406977;0,9936141;1,0269215;0,9883194
0,32915774;0,32915774;0,29655477;0,29655477;0,27139726;0,26427227;0,21161164;0,4415858;0,41699445;0,46623483;0,46623483;0,46623483;0,4415858;0,43816832;0,34080446;0,7255976;0,7255976;0,6876516;0,6876516;0,5483032;0,55340207;0,63345444;0,45507914;0,37324753;0,50981593;0,50981593;0,50981593;0,45507914;0,57259995;0,58670694
0,36739814;0,36739814;0,34493655;0,34493655;0,31739038;0,28795543;0,2141984;0,43757027;0,46534196;0,45114705;0,45114705;0,45114705;0,43757027;0,4118598;0,3060373;1,1385303;1,1385303;1,038736;1,038736;0,9590933;0,977788;0,7966342;0,8288804;0,5645413;0,83059216;0,83059216;0,83059216;0,8288804;0,89446765;0,7894688
0,45767948;0,45767948;0,4826;0,4826;0,48720628;0,47388944;0,32325372;0,49853942;0,48878607;0,40683833;0,40683833;0,40683833;0,49853942;0,3860893;0,31545573;1,1634415;1,1634415;1,1183114;1,1183114;0,9843706;0,88186747;0,80924344;0,6723044;0,6898647;0,62157047;0,62157047;0,62157047;0,6723044;0,6213134;0,62762463
0,7663667;0,7663667;0,7474972;0,7474972;0,7539488;0,6093333;0,4647843;0,582402;0,70020515;0,5831501;0,5831501;0,5831501;0,582402;0,54956365;0,47785264;1,5406635;1,5406635;1,4964814;1,4964814;1,3579105;1,3065016;1,2158947;1,1680415;1,1025457;1,2547061;1,2547061;1,2547061;1,1680415;1,2464782;1,1711792
0,4784063;0,4784063;0,46104953;0,46104953;0,35973963;0,34969598;0,28627625;0,35386893;0,35887152;0,32283595;0,32283595;0,32283595;0,35386893;0,3012593;0,27517423;1,6761324;1,6761324;1,54272;1,54272;1,0829676;1,2596284;1,1833327;0,8862636;0,74933034;0,8021289;0,8021289;0,8021289;0,8862636;0,86714494;0,9918523
0,41460526;0,41460526;0,3738112;0,3738112;0,2924998;0,23724273;0,15877926;0,2579403;0,27130857;0,20982544;0,20982544;0,20982544;0,2579403;0,19467126;0,16351926;1,294596;1,294596;1,2625767;1,2625767;1,0531075;0,9383044;0,83758104;0,8091362;0,68180865;0,79396087;0,79396087;0,79396087;0,8091362;0,86352754;0,87057596
0,24083602;0,24083602;0,22306943;0,22306943;0,1948402;0,19203477;0,1638282;0,24642868;0,25414196;0,20211838;0,20211838;0,20211838;0,24642868;0,18717714;0,16227384;2,1780674;2,1780674;1,9147269;1,9147269;1,4453562;1,6194758;1,8704686;1,5060383;1,1051813;1,6571795;1,6571795;1,6571795;1,5060383;1,7054214;1,7233412
0,2534091;0,2534091;0,22984882;0,22984882;0,2031487;0,19573535;0,16040596;0,25495732;0,28059578;0,21321824;0,21321824;0,21321824;0,25495732;0,1895714;0,15908456;2,1447988;2,1447988;1,7958819;1,7958819;1,4947609;1,8314893;2,729255;2,2157562;1,4637401;2,1518056;2,1518056;2,1518056;2,2157562;2,5394394;2,610498
0,21177037;0,21177037;0,19063815;0,19063815;0,16093701;0,15255593;0,117756486;0,21397941;0,2160704;0,16031383;0,16031383;0,16031383;0,21397941;0,1415225;0,11536846;1,270865;1,270865;1,1688049;1,1688049;0,88420075;0,89209396;0,897622;0,78931457;0,5906158;0,7938379;0,7938379;0,7938379;0,78931457;0,8269958;0,8706017
0,25472778;0,25472778;0,23509866;0,23509866;0,18912011;0,1729104;0,14086318;0,22393128;0,23072374;0,16130444;0,16130444;0,16130444;0,22393128;0,14993535;0,122943014;1,5270437;1,5270437;1,3641527;1,3641527;1,0517908;1,1274602;1,0606973;0,90945417;0,7617511;0,78884685;0,78884685;0,78884685;0,90945417;0,8273104;0,8464198
0,32834136;0,32834136;0,2935358;0,2935358;0,26212552;0,21797813;0,17065737;0,26303118;0,28017703;0,20593774;0,20593774;0,20593774;0,26303118;0,18948536;0,15285923;1,6264356;1,6264356;1,576964;1,576964;1,3375173;1,0964828;0,9665099;0,8146458;0,6713528;0,6709578;0,6709578;0,6709578;0,8146458;0,7335414;0,76929736
0,282545;0,282545;0,26375487;0,26375487;0,2493917;0,2307547;0,19477881;0,3887974;0,4043764;0,38161573;0,38161573;0,38161573;0,3887974;0,3650223;0,2773531;1,8914039;1,8914039;1,8337795;1,8337795;1,6998433;1,6624714;1,5417417;1,5083696;1,4048197;1,333612;1,333612;1,333612;1,5083696;1,3881516;1,4368899
0,29176113;0,29176113;0,27002287;0,27002287;0,22954392;0,2331153;0,19244343;0,35841873;0,3849166;0,36844724;0,36844724;0,36844724;0,35841873;0,33847773;0,26547173;1,7853109;1,7853109;1,6642343;1,6642343;1,3191034;1,4865673;1,188625;1,135368;1,0577954;1,2339678;1,2339678;1,2339678;1,135368;1,30959;1,1992598
0,33236465;0,33236465;0,3048641;0,3048641;0,28624758;0,2722226;0,23282015;0,43632498;0,4470006;0,40805227;0,40805227;0,40805227;0,43632498;0,37721577;0,30279875;1,701668;1,701668;1,593461;1,593461;1,3507984;1,2950329;1,0811104;1,1462675;1,0541348;1,1198822;1,1198822;1,1198822;1,1462675;1,1298308;1,0823466
0,6522251;0,6522251;0,5922194;0,5922194;0,51379794;0,56686866;0,44155148;0,5032036;0,47330457;0,4568287;0,4568287;0,4568287;0,5032036;0,46499607;0,38125965;0,9759737;0,9759737;0,9540371;0,9540371;0,76424056;0,85946065;0,82648444;0,6068445;0,51779306;0,5643191;0,5643191;0,5643191;0,6068445;0,6163739;0,6196275
1,2392167;1,2392167;1,2397162;1,2397162;0,950517;0,8945093;0,61840117;0,65899956;0,80353326;0,5521109;0,5521109;0,5521109;0,65899956;0,5527231;0,52778524;2,2760603;2,2760603;2,1804395;2,1804395;1,639251;1,7063502;1,4622146;1,3105134;1,2703401;1,3063524;1,3063524;1,3063524;1,3105134;1,3643843;1,3511535
0,7991888;0,7991888;0,7974401;0,7974401;0,7551055;0,525241;0,38899314;0,54508924;0,6328109;0,5039388;0,5039388;0,5039388;0,54508924;0,48282954;0,4091473;1,1501763;1,1501763;1,1208533;1,1208533;1,0311372;0,92744434;0,7037098;0,82334805;0,7439363;0,7886622;0,7886622;0,7886622;0,82334805;0,8190483;0,75040686
0,37505075;0,37505075;0,36380792;0,36380792;0,34007907;0,2891074;0,18262258;0,27213737;0,2982009;0,21669792;0,21669792;0,21669792;0,27213737;0,1961003;0,1639785;0,69274884;0,69274884;0,638678;0,638678;0,49518633;0,4942026;0,43854177;0,39851183;0,34659007;0,38152474;0,38152474;0,38152474;0,39851183;0,40301093;0,41007236
0,2300359;0,2300359;0,21192001;0,21192001;0,18745017;0,17640267;0,14179076;0,24092494;0,27320394;0,21450993;0,21450993;0,21450993;0,24092494;0,1891612;0,15782422;1,6569988;1,6569988;1,4698511;1,4698511;1,107566;1,097564;1,1730438;0,88919926;0,6009729;0,9788662;0,9788662;0,9788662;0,88919926;1,1013548;1,1582952
0,21042001;0,21042001;0,19160162;0,19160162;0,16311508;0,15271908;0,12292525;0,25658926;0,26243022;0,24436289;0,24436289;0,24436289;0,25658926;0,22798803;0,182902;2,215885;2,215885;1,8963493;1,8963493;1,2583833;1,3752841;1,1868362;1,0422229;0,79398996;1,0055379;1,0055379;1,0055379;1,0422229;1,0190631;1,0036287
0,22096238;0,22096238;0,20220771;0,20220771;0,16691123;0,1501449;0,12656786;0,26236567;0,2748751;0,21649289;0,21649289;0,21649289;0,26236567;0,19590946;0,14847025;1,4421833;1,4421833;1,3259115;1,3259115;1,0952153;0,9734283;1,0411099;0,88347965;0,75662494;0,85426235;0,85426235;0,85426235;0,88347965;0,8855433;0,9320895
0,24971406;0,24971406;0,22883825;0,22883825;0,20703073;0,17706707;0,13206689;0,2800827;0,3156712;0,23393115;0,23393115;0,23393115;0,2800827;0,21464278;0,16848303;1,8583068;1,8583068;1,709059;1,709059;1,3670155;1,2662392;0,9572471;1,0150808;0,8981029;0,9883729;0,9883729;0,9883729;1,0150808;1,0430539;1,0535917
0,22496794;0,22496794;0,20817707;0,20817707;0,18798299;0,15212369;0,11449874;0,24507788;0,24025206;0,1777037;0,1777037;0,1777037;0,24507788;0,16919664;0,12288151;0,83273613;0,83273613;0,8098141;0,8098141;0,70101094;0,53942424;0,47441944;0,4840413;0,49767163;0,4458054;0,4458054;0,4458054;0,4840413;0,43890238;0,4285235
0,27667;0,27667;0,2491327;0,2491327;0,24894392;0,24318564;0,18577437;0,3765115;0,3804038;0,34858987;0,34858987;0,34858987;0,3765115;0,3333949;0,26442733;1,2405878;1,2405878;1,1448628;1,1448628;0,8917412;0,90762717;0,96159416;0,84173125;0,756371;0,8810222;0,8810222;0,8810222;0,84173125;0,9173571;0,9152952
0,27403292;0,27403292;0,24956281;0,24956281;0,21766786;0,19397983;0,15422525;0,3142452;0,35465792;0,3074545;0,3074545;0,3074545;0,3142452;0,2785478;0,21046977;1,6555902;1,6555902;1,5620078;1,5620078;1,1647316;0,97965556;0,89269483;0,86056;0,8580067;1,0467136;1,0467136;1,0467136;0,86056;0,9993048;0,91757727
0,3797821;0,3797821;0,3579078;0,3579078;0,34731355;0,34753668;0,2678901;0,5045486;0,45483252;0,4918897;0,4918897;0,4918897;0,5045486;0,4786915;0,36744598;0,8700782;0,8700782;0,82992405;0,82992405;0,71500665;0,66871214;0,6578616;0,57622594;0,55705667;0,55797625;0,55797625;0,55797625;0,57622594;0,5664402;0,56246203
0,71312565;0,71312565;0,6931168;0,6931168;0,63825256;0,5652096;0,50338465;0,6043993;0,6530429;0,55774903;0,55774903;0,55774903;0,6043993;0,48873606;0,42252758;1,6436654;1,6436654;1,6338094;1,6338094;1,3795637;1,3387444;1,1762427;0,89027715;0,9001524;0,80980927;0,80980927;0,80980927;0,89027715;0,7924683;0,81400585
0,6442565;0,6442565;0,6308091;0,6308091;0,52565616;0,43983725;0,31034276;0,45411888;0,55867565;0,37804753;0,37804753;0,37804753;0,45411888;0,3601719;0,33851844;2,963836;2,963836;2,956025;2,956025;2,140449;2,1929164;1,6375575;1,4798965;1,5852249;1,30425;1,30425;1,30425;1,4798965;1,4495195;1,7315285
0,5128865;0,5128865;0,48443237;0,48443237;0,37887058;0,3266664;0,2063808;0,36605126;0,41740164;0,31301734;0,31301734;0,31301734;0,36605126;0,29395643;0,22726084;1,561174;1,561174;1,4389637;1,4389637;1,0961547;1,1359472;1,0352827;0,8726744;0,9199814;0,9808102;0,9808102;0,9808102;0,8726744;1,0195707;0,99197197
0,2167636;0,2167636;0,20442083;0,20442083;0,19245331;0,17346723;0,124050215;0,21259287;0,23694874;0,18906048;0,18906048;0,18906048;0,21259287;0,1690618;0,13770224;1,3009461;1,3009461;1,1430743;1,1430743;0,8835615;0,9707293;1,0066122;0,88699925;0,695839;0,94007224;0,94007224;0,94007224;0,88699925;0,9952127;1,0207374
0,22291009;0,22291009;0,20282286;0,20282286;0,18394122;0,16767567;0,12184018;0,2078321;0,22530454;0,16291894;0,16291894;0,16291894;0,2078321;0,14418352;0,12181503;1,7869548;1,7869548;1,5684248;1,5684248;1,1543726;1,1451789;0,86524653;0,68589246;0,50644326;0,57065034;0,57065034;0,57065034;0,68589246;0,6220731;0,6688532
0,3083848;0,3083848;0,24670658;0,24670658;0,2087358;0,21963191;0,15818724;0,27095735;0,2869276;0,23270689;0,23270689;0,23270689;0,27095735;0,2037358;0,16469246;0,82614434;0,82614434;0,6479064;0,6479064;0,46108007;0,56695175;0,7178268;0,50631714;0,42361906;0,61402357;0,61402357;0,61402357;0,50631714;0,6334717;0,6401467
0,5322748;0,5322748;0,46539363;0,46539363;0,31797507;0,3084978;0,26068485;0,3330498;0,34499285;0,27955708;0,27955708;0,27955708;0,3330498;0,2553676;0,22322725;1,5958058;1,5958058;1,4173195;1,4173195;1,1385926;1,0357472;1,011407;0,95196706;0,81947833;0,9885863;0,9885863;0,9885863;0,95196706;1,0249069;0,9870863
0,24473168;0,24473168;0,22501063;0,22501063;0,20361474;0,19421221;0,14805359;0,2945269;0,32449937;0,30017555;0,30017555;0,30017555;0,2945269;0,26125756;0,20010178;2,0573967;2,0573967;1,8522066;1,8522066;1,4626863;1,4173862;1,4276466;1,2477543;1,0976206;1,3512189;1,3512189;1,3512189;1,2477543;1,403056;1,4715086
0,26275125;0,26275125;0,23618113;0,23618113;0,20528425;0,21281508;0,14250813;0,302341;0,32038113;0,25502756;0,25502756;0,25502756;0,302341;0,22382587;0,16782604;2,2529566;2,2529566;2,0836523;2,0836523;1,3991274;1,4101279;1,3465805;1,0771117;1,0290684;1,1452155;1,1452155;1,1452155;1,0771117;1,1975682;1,2147303
0,29104677;0,29104677;0,26625165;0,26625165;0,24081361;0,22199239;0,17696612;0,34411064;0,3604268;0,3480795;0,3480795;0,3480795;0,34411064;0,33131233;0,24590477;2,179658;2,179658;2,1098323;2,1098323;1,5522459;1,5595506;1,3856543;1,3452863;1,102669;1,4192547;1,4192547;1,4192547;1,3452863;1,5008225;1,4689455
0,34369326;0,34369326;0,30291757;0,30291757;0,24731125;0,2397288;0,20511378;0,37293285;0,3845541;0,3719068;0,3719068;0,3719068;0,37293285;0,3468252;0,26835775;2,4044921;2,4044921;2,1250012;2,1250012;1,5666116;2,0254762;1,3406264;1,3613218;1,2970098;1,4722854;1,4722854;1,4722854;1,3613218;1,4545225;1,3569319
0,33048618;0,33048618;0,31061593;0,31061593;0,3245427;0,2973689;0,26204544;0,49904957;0,47846437;0,55408055;0,55408055;0,55408055;0,49904957;0,5083818;0,39928064;0,7827378;0,7827378;0,7733317;0,7733317;0,6451542;0,61917907;0,6262047;0,53451335;0,619402;0,589187;0,589187;0,589187;0,53451335;0,6027096;0,6144336
0,34029198;0,34029198;0,3209355;0,3209355;0,30902648;0,25265682;0,23576726;0,36237314;0,38957325;0,34040138;0,34040138;0,34040138;0,36237314;0,31287163;0,249843;1,6930482;1,6930482;1,6769841;1,6769841;1,2074802;1,0718474;0,96597755;0,86214626;0,9618247;1,1316135;1,1316135;1,1316135;0,86214626;1,0218703;0,89493734
0,62971866;0,62971866;0,6771324;0,6771324;0,5261069;0,57468617;0,38516104;0,48888537;0,60577947;0,4925194;0,4925194;0,4925194;0,48888537;0,4738358;0,39284104;2,2271376;2,2271376;2,2075367;2,2075367;1,6638149;1,844127;1,3017085;1,205968;1,2178247;1,1805168;1,1805168;1,1805168;1,205968;1,2294729;1,1297008
0,35859624;0,35859624;0,32911158;0,32911158;0,28048062;0,29348156;0,20295815;0,3459711;0,40845668;0,3536271;0,3536271;0,3536271;0,3459711;0,3221251;0,25665894;1,878925;1,878925;1,6776918;1,6776918;1,1581423;1,2120669;1,0800271;0,8964206;0,6991768;0,8525348;0,8525348;0,8525348;0,8964206;0,97131693;1,0033294
0,25492594;0,25492594;0,23542696;0,23542696;0,20413524;0,17746918;0,1140876;0,21808107;0,23661956;0,18718843;0,18718843;0,18718843;0,21808107;0,16679272;0,120193064;0,96831834;0,96831834;0,84819067;0,84819067;0,690123;0,74805254;0,85865545;0,68114257;0,5926644;0,76213115;0,76213115;0,76213115;0,68114257;0,7970596;0,84553283
0,25326788;0,25326788;0,22868751;0,22868751;0,19769;0,17941965;0,14168777;0,2425443;0,29047674;0,20557821;0,20557821;0,20557821;0,2425443;0,17693591;0,14452896;1,232316;1,232316;1,1161084;1,1161084;0,8984943;0,8625842;0,99744844;0,76496696;0,6765348;0,76312786;0,76312786;0,76312786;0,76496696;0,81707394;0,86574244
